{
    "Target_1": {
        "position": [
            0.0,
            0.0,
            0.0
        ],
        "orientation": [
            0.0,
            0.0,
            0.0,
            1.0
        ]
    },
    "Object_0": {
        "position": [
            4.5917748078995606e-40,
            -5.088450921364131e+36,
            -3.699265254691631e-16
        ],
        "orientation": [
            2.1909815649453998e+18,
            -5.453950890910164e-08,
            123.1220703125,
            3979.878173828125
        ]
    },
    "Object_1057602491": {
        "position": [
            0.0004572827892843634,
            1.128171380643267e-40,
            2.802596928649634e-45
        ],
        "orientation": [
            0.0,
            0.0,
            0.0,
            0.0
        ]
    },
    "Pepper": {
        "position": [
            0.09704234451055527,
            0.9423516988754272,
            -0.3467088043689728
        ],
        "orientation": [
            0.23517832159996033,
            0.31757304072380066,
            0.0955456793308258,
            -0.9136244058609009
        ]
    },
    "Glove": {
        "position": [
            0.0,
            0.0,
            0.0
        ],
        "orientation": [
            0.0,
            0.0,
            0.0,
            1.0
        ]
    }
}